{
    "data":[
        {
            "id":101,
            "name":"我的好友",
            "users":[
                {
                    "id":200012,
                    "realname":"张山",
                    "nickname":"张大大",
                    "photo":"张大大",
                    "phone":"13320533333",
                    "usertype":"01"
                },
                {
                    "id":200013,
                    "realname":"王五",
                    "nickname":"王大大",
                    "photo":"张大大",
                    "phone":"13320533333",
                    "usertype":"01"
                }
            ]
        },
        {
            "id":102,
            "name":"自定义分组",
            "users":[
                {
                    "id":200112,
                    "realname":"李二",
                    "nickname":"张大大",
                    "photo":"张大大",
                    "phone":"13320533333",
                    "usertype":"01"
                },
                {
                    "id":200212,
                    "realname":"麻子",
                    "nickname":"麻大大",
                    "photo":"张大大",
                    "phone":"13320533333",
                    "usertype":"01"
                },
                {
                    "id":200242,
                    "realname":"麻子3",
                    "nickname":"大大",
                    "photo":"张大大",
                    "phone":"13320533333",
                    "usertype":"01"
                }
            ]
        }
    ],
    "code":200,
    "message":"获取联系人成功",
    "success":true
}