{
    "success":true,
    "code":200,
    "message":"操作成功",
    "data":[
        {
            "id":1,
            "name":"发起-滇池2016年植物什么鬼调查5",
            "desp":"发起-滇池2016年植物什么鬼调查5",
            "createtime":"2016-06-20",
            "createby":5,
            "master":6,
            "templateID":7,
            "endTime":"2016-06-20",
            "status":"0",
            "memberNum":77,
            "finishRatio":"1/7",
            "commentNum":33,
            "num":2,
            "createbyName":"洪俊",
            "createbyImg":"../images/icon_poto.png"
        },
        {
            "id":2,
            "name":"发起-滇池2016年植物什么鬼调查5",
            "desp":"发起-滇池2016年植物什么鬼调查5",
            "createtime":"2016-06-20",
            "createby":5,
            "master":6,
            "templateID":7,
            "endTime":"2016-06-20",
            "status":"0",
            "memberNum":77,
            "finishRatio":"1/7",
            "commentNum":33,
            "num":2,
            "createbyName":"洪俊",
            "createbyImg":"../images/icon_poto.png"
        },
        {
            "id":3,
            "name":"发起-滇池2016年植物什么鬼调查5",
            "desp":"发起-滇池2016年植物什么鬼调查5",
            "createtime":"2016-06-20",
            "createby":5,
            "master":6,
            "templateID":7,
            "endTime":"2016-06-20",
            "status":"0",
            "memberNum":77,
            "finishRatio":"1/7",
            "commentNum":33,
            "num":2,
            "createbyName":"洪俊",
            "createbyImg":"../images/icon_poto.png"
        },
        {
            "id":4,
            "name":"发起-滇池2016年植物什么鬼调查5",
            "desp":"发起-滇池2016年植物什么鬼调查5",
            "createtime":"2016-06-20",
            "createby":5,
            "master":6,
            "templateID":7,
            "endTime":"2016-06-20",
            "status":"0",
            "memberNum":77,
            "finishRatio":"1/7",
            "commentNum":33,
            "num":2,
            "createbyName":"洪俊",
            "createbyImg":"../images/icon_poto.png"
        },
        {
            "id":5,
            "name":"发起-滇池2016年植物什么鬼调查5",
            "desp":"发起-滇池2016年植物什么鬼调查5",
            "createtime":"2016-06-20",
            "createby":5,
            "master":6,
            "templateID":7,
            "endTime":"2016-06-20",
            "status":"0",
            "memberNum":77,
            "finishRatio":"1/7",
            "commentNum":33,
            "num":2,
            "createbyName":"洪俊",
            "createbyImg":"../images/icon_poto.png"
        }
    ]
}