{
    "success":true,
    "code":200,
    "message":"资料详情成功",
    "data":{
            "id":3,
            "name":"滇池2016年植物什么鬼调查3",
            "desp":"滇池2016年植物什么鬼调查3",
            "createtime":"2016-06-20",
            "createby":5,
            "master":6,
            "templateID":7,
            "endTime":"2016-06-20",
            "status":"0",
            "memberNum":77,
            "finishRatio":"1/7",
            "commentNum":33,
            "num":2,
            "createbyName":"洪俊",
            "createbyImg":"../images/icon_poto.png",
            "templateData":[
                            {
                                "id":101,
                                "name":"基础信息",
                                "items":[
                                    {
                                        "id":200012,
                                        "name":"树种",
                                        "isinput":"1",
                                        "inputType":"0",
                                        "value":"值啦"
                                    },
                                    {
                                        "id":200013,
                                        "name":"品种",
                                        "isinput":"1",
                                        "inputType":"0",
                                        "value":"值啦"
                                    }
                                ]
                            },
                            {
                                "id":102,
                                "name":"立地条件",
                                "items":[
                                    {
                                        "id":200112,
                                        "name":"坡度",
                                        "isinput":"1",
                                        "inputType":"0",
                                        "value":"值啦"
                                    },
                                    {
                                        "id":200212,
                                        "name":"坡向",
                                        "isinput":"1",
                                        "inputType":"0",
                                        "value":"值啦"
                                    },
                                    {
                                        "id":200242,
                                        "name":"海拔",
                                        "isinput":"1",
                                        "inputType":"0",
                                        "value":"值啦"
                                    }
                                ]
                            }
                        ]
        }
}