{
    "success":true,
    "code":200,
    "message":"获取任务详情成功",
    "data":{
            "id":1,
            "name":"滇池2016年植物什么鬼调查",
            "desp":"滇池2016年植物什么鬼调查",
            "createtime":"2016-06-20",
            "createby":5,
            "master":6,
            "templateID":7,
            "endTime":"2016-06-20",
            "status":"0",
            "memberNum":77,
            "finishRatio":"1/7",
            "commentNum":33,
            "templateName":"模版名字啦",
            "num":2,
            "createbyName":"洪俊",
            "createbyImg":"../images/icon_poto.png",
            "taskImg":[
                    {
                        "id":701,
                        "imgUrl":"../images/icon_poto.png",
                        "smallImgUrl":"../images/icon_poto.png"
                    },
                    {
                        "id":702,
                        "imgUrl":"../images/icon_poto.png",
                        "smallImgUrl":"../images/icon_poto.png"
                    },
                    {
                        "id":703,
                        "imgUrl":"../images/icon_poto.png",
                        "smallImgUrl":"../images/icon_poto.png"
                    }
                ]
        }
}