{
    "success":true,
    "code":200,
    "message":"资料列表成功",
    "data":[
        {
            "id":1,
            "createbyName":"张山",
            "createbyImg":"../images/icon_poto.png",
            "createtime":"2016-06-20",
            "status":"0",
            "location":"云南省昆明市盘龙区新都龙城",
            "dataImg":[
                    {
                        "id":701,
                        "imgUrl":"../images/icon_poto.png"
                    },
                    {
                        "id":702,
                        "imgUrl":"../images/icon_poto.png"
                    },
                    {
                        "id":703,
                        "imgUrl":"../images/icon_poto.png"
                    }
                ]
        },
        {
            "id":2,
            "createbyName":"张山2",
            "createbyImg":"../images/icon_poto.png",
            "createtime":"2016-06-20",
            "status":"0",
            "location":"云南省昆明市盘龙区新都龙城",
            "dataImg":[
                    {
                        "id":701,
                        "imgUrl":"../images/icon_poto.png"
                    },
                    {
                        "id":702,
                        "imgUrl":"../images/icon_poto.png"
                    },
                    {
                        "id":703,
                        "imgUrl":"../images/icon_poto.png"
                    }
                ]
        },
        {
            "id":3,
            "createbyName":"张山3",
            "createbyImg":"../images/icon_poto.png",
            "createtime":"2016-06-20",
            "status":"0",
            "location":"云南省昆明市盘龙区新都龙城"
        }
    ]
}